Name,Lat,Lng,State
Lake Nunavaugaluk,59.2444444,-158.9,AK
Lake Aleknagik,59.3394444,-158.8019444,AK
Amanka Lake,59.1038889,-159.1988889,AK
Arhymot Lake,61.6263889,-160.3472222,AK
Aropuk Lake,61.1619444,-163.7941667,AK
Battle Lake,59.0591667,-154.9108333,AK
Becharof Lake,57.9522222,-156.3766667,AK
Lake Beverley,59.6488889,-158.6963889,AK
Birch Lake,64.315,-146.6616667,AK
Black Lake,56.4572222,-158.9858333,AK
Lake Brooks,58.5022222,-155.9186111,AK
Chandalar Lake,67.5075,-148.5125,AK
Chandler Lake,68.2286111,-152.7041667,AK
Lake Chauekuktuli,60.0583333,-158.8311111,AK
Chelatna Lake,62.4841667,-151.4577778,AK
Chignik Lake,56.2711111,-158.8525,AK
Chikuminuk Lake,60.2272222,-158.9863889,AK
Lake Clark,60.2441667,-154.2852778,AK
Copper Lake,62.4255556,-143.555,AK
Crosswind Lake,62.3555556,-146.0163889,AK
Dall Lake,60.3516667,-163.6711111,AK
Dot Lake,63.6641667,-144.0688889,AK
Ewan Lake,62.4277778,-145.7827778,AK
Feniak Lake,68.2458333,-158.32,AK
Fish Lake,62.0525,-146.5636111,AK
Fish Lake,63.4663889,-143.2844444,AK
Fish Lake,65.0666667,-151.3511111,AK
Frazer Lake,57.2583333,-154.1386111,AK
Lake George,63.7808333,-144.5338889,AK
Gibraltar Lake,59.35,-154.6811111,AK
Grant Lake,59.8102778,-158.5194444,AK
Graphite Lake,67.0619444,-143.4319444,AK
Lake Grosvenor,58.685,-155.2172222,AK
Harding Lake,64.4247222,-146.8538889,AK
Healy Lake,63.9841667,-144.7361111,AK
High Lake,59.9541667,-159.4986111,AK
Iliamna Lake,59.5366667,-155.0244444,AK
Iliuk Arm Naknek Lake,58.515,-155.5297222,AK
Imuruk Basin,65.1205556,-165.7,AK
Iniakuk Lake,67.1336111,-153.2305556,AK
Inner Lake George,61.2891667,-148.5375,AK
Jatahmund Lake,62.6238889,-142.0180556,AK
Karluk Lake,57.3655556,-154.0408333,AK
Kgun Lake,61.5486111,-163.7433333,AK
Klutina Lake,61.7227778,-145.9280556,AK
Kukaklek Lake,59.1725,-155.3666667,AK
Kulik Lake,58.9494444,-154.9422222,AK
Lake Kulik,59.7680556,-158.69,AK
Long Lake,60.1419444,-155.0486111,AK
Lake Louise,62.3313889,-146.5461111,AK
Lower Ugashik Lake,57.5191667,-156.8986111,AK
Lake Mansfield,63.4858333,-143.4061111,AK
Mentasta Lake,62.9305556,-143.7958333,AK
Lake Minchumina,63.89,-152.2358333,AK
Minto Lakes,64.8911111,-148.8102778,AK
Mother Goose Lake,57.2044444,-157.3258333,AK
Naknek Lake,58.6363889,-155.9408333,AK
Lake Nerka,59.5594444,-159.0241667,AK
Nishlik Lake,60.4658333,-158.9069444,AK
North Arm Naknek Lake,58.645,-155.7705556,AK
Norutak Lake,66.8,-154.3169444,AK
Nuigalak Lake,61.5272222,-164.6430556,AK
Nunavakanuk Lake,62.0591667,-164.6475,AK
Nunavakpak Lake,60.8002778,-162.6430556,AK
Nuyakuk Lake,59.9519444,-158.7163889,AK
Oily Lake,60.1208333,-140.6777778,AK
Old John Lake,68.075,-145.05,AK
Paxson Lake,62.9138889,-145.5327778,AK
Lake Peters,69.3183333,-145.0455556,AK
Puk Palik Lake,61.0419444,-163.2330556,AK
Reindeer Lake,62.1413889,-159.3847222,AK
Saint Anne Lake,61.8797222,-146.0413889,AK
Lake Schrader,69.3819444,-144.9972222,AK
Sevenmile Lake,63.1836111,-146.27,AK
Sikolik Lake,70.1680556,-161.4802778,AK
Sixmile Lake,63.0433333,-158.1019444,AK
Stephan Lake,62.7041667,-148.88,AK
Summit Lake,63.1297222,-145.5475,AK
Susitna Lake,62.3947222,-146.6652778,AK
Takslesluk Lake,61.0691667,-162.8683333,AK
Tanada Lake,62.4258333,-143.3716667,AK
Tazlina Lake,61.8852778,-146.4844444,AK
Teshekpuk Lake,70.5713889,-153.5141667,AK
Tetlin Lake,63.0888889,-142.7491667,AK
Tikchik Lake,59.9533333,-158.3016667,AK
Lake Todatonten,66.1533333,-152.9491667,AK
Togiak Lake,59.6338889,-159.6077778,AK
Tonsina Lake,61.4955556,-145.5308333,AK
Tundra Lake,61.2244444,-155.7311111,AK
Turquoise Lake,60.7902778,-153.9341667,AK
Lake Tusikvoak,71.0794444,-156.1244444,AK
Tutna Lake,60.3438889,-155.33,AK
Twin Lakes,60.6388889,-153.8630556,AK
Two Lakes,61.1286111,-153.7858333,AK
Upnuk Lake,60.3638889,-158.8858333,AK
Upper Lake George,61.2444444,-148.6352778,AK
Upper Ugashik Lake,57.6727778,-156.6888889,AK
Vundik Lake,67.3769444,-143.8277778,AK
Whitefish Lake,61.3744444,-159.9991667,AK
Whitefish Lake,60.9569444,-154.8869444,AK
Wien Lake,64.3536111,-151.2916667,AK
Wolf Lake,63.4575,-143.1530556,AK
Beluga Lake,61.4008333,-151.5922222,AK
Blockade Lake,60.9466667,-152.4708333,AK
Ch'akajabena Lake,61.2097222,-152.5438889,AK
Crescent Lake,60.3741667,-152.9427778,AK
Ekichuk Lake,66.9627778,-161.5505556,AK
Imuruk Lake,65.5947222,-163.1952778,AK
Inland Lake,66.4858333,-159.8730556,AK
Kenibuna Lake,61.1691667,-152.915,AK
Killeak Lakes,66.3441667,-164.0866667,AK
Krusenstern Lagoon,67.1480556,-163.6363889,AK
Nutuvukti Lake,66.9822222,-154.7202778,AK
Selawik Lake,66.4941667,-160.6908333,AK
Lake Selby,66.8747222,-155.6883333,AK
Skilak Lake,60.4163889,-150.3338889,AK
Tustumena Lake,60.2294444,-150.9411111,AK
Walker Lake,67.1266667,-154.3630556,AK
Lake Coville,58.7513889,-155.61,AK
Kakhonak Lake,59.4888889,-154.1908333,AK
Nonvianuk Lake,58.9980556,-155.4186111,AK
Telaquana Lake,60.9552778,-153.9075,AK
Ualik Lake,59.0944444,-159.4355556,AK
Nikabuna Lakes,60.0886111,-155.4258333,AK
Tebay Lakes,61.1922222,-144.2869444,AK
Bear Lake,56.0055556,-160.2352778,AK
Devil Mountain Lakes,66.3994444,-164.4866667,AK
Sandy Lake,56.1547222,-159.9508333,AK
Bering Lake,60.2869444,-144.3044444,AK
Chilkat Lake,59.3316667,-135.8966667,AK
Eek Lake,55.1772222,-132.6744444,AK
Harlequin Lake,59.4377778,-138.9425,AK
Kenai Lake,60.3922222,-149.5733333,AK
Miles Lake,60.6813889,-144.6675,AK
Tazimina Lakes,60.0333333,-154.3333333,AK
Hoodoo Lake,55.6833333,-161.05,AK
Nashak Lake,61.4333333,-164.8,AK
Lake Chicot,33.3226169,-91.278447,AR
Pala Lagoon,-14.3236111,-170.7069444,AS
Rogers Lake,35.1522337,-111.7862741,AZ
Mormon Lake,34.9475208,-111.454872,AZ
Big Lagoon,41.1742902,-124.1172931,CA
Eagle Lake,40.6448941,-120.743845,CA
Lake Earl,41.8256693,-124.1886932,CA
Goose Lake,41.9165543,-120.4344012,CA
Horse Lake,40.6612866,-120.5007821,CA
Bristol Lake,34.4622192,-115.6738827,CA
Buena Vista Lagoon,33.1730928,-117.3500384,CA
Cadiz Lake,34.2947265,-115.3955401,CA
Danby Lake,34.2305655,-115.1110889,CA
Lake Gregory,34.2466729,-117.2675432,CA
Palen Lake,33.7675188,-115.206366,CA
Salton Sea,33.3333686,-115.8341629,CA
Big Lake,41.11933,-121.4035927,CA
Clear Lake,39.0615609,-122.8272149,CA
Cow Head Lake,41.9193349,-120.0321695,CA
June Lake,37.7885416,-119.0745896,CA
Lower Klamath Lake,41.8984857,-121.6844407,CA
Lower Lake,41.2548964,-120.0471615,CA
Meiss Lake,41.8632028,-122.0675094,CA
Middle Alkali Lake,41.4748946,-120.1093863,CA
Mono Lake,38.0165908,-119.0093116,CA
Honey Lake,40.2349005,-120.3499376,CA
Tule Lake,41.9093216,-121.5330484,CA
Lake Elsinore,33.6602995,-117.3533735,CA
Soda Lake,35.2346908,-119.8931869,CA
Upper Lake,41.7415592,-120.1510592,CA
Lake John,40.7791414,-106.4686435,CO
Lake Meredith,38.1569506,-103.7407828,CO
Mansfield Hollow Lake,41.755932,-72.1811887,CT
Lake Alfred,28.0989072,-81.7414673,FL
Lake Arbuckle,27.6953078,-81.3959059,FL
Banana River,28.3061186,-80.6475524,FL
Crescent Lake,29.4571954,-81.4947952,FL
Dead Lakes,30.1876986,-85.1885271,FL
Lake Eustis,28.8463786,-81.7286878,FL
Lake Iamonia,30.6343638,-84.2221215,FL
Lake Ida,26.4822951,-80.0811536,FL
Lake Istokpoga,27.3464305,-81.2892372,FL
Lake Jackson,30.5293653,-84.3276802,FL
Lake June in Winter,27.3003221,-81.3997954,FL
Lady Lake,28.9169302,-81.8981374,FL
Lake Mangonia,26.7408972,-80.0750419,FL
Lake Marian,27.8769689,-81.1095102,FL
Lake Monroe,28.8397135,-81.2714529,FL
Orange Lake,29.4616377,-82.1737074,FL
Lake Osborne,26.5884025,-80.0783755,FL
Lake Placid,27.2497684,-81.3664615,FL
Lake Tarpon,28.1086263,-82.7242672,FL
Lake Tohopekaliga,28.2191804,-81.3878487,FL
Lake Wimico,29.8027091,-85.1482482,FL
Lake Apopka,28.6199986,-81.6292409,FL
Lake Harris,28.7774913,-81.8120229,FL
Lake Panasoffkee,28.7966545,-82.1120312,FL
Tsala Apopka Lake,28.8752609,-82.3025935,FL
Lake Weohyakapka,27.8219706,-81.410906,FL
Newnans Lake,29.6433017,-82.2192673,FL
Lake Jesup,28.7330505,-81.2072863,FL
Lake Kissimmee,27.9139115,-81.2700694,FL
Lake George,29.3060867,-81.5911863,FL
Lake Griffin,28.8424887,-81.8534133,FL
Lake Weir,29.021093,-81.9370284,FL
Blue Cypress Lake,27.7353072,-80.7533917,FL
Lake Okeechobee,26.9378346,-80.8122829,FL
Mosquito Lagoon,28.7508248,-80.7503284,FL
Indian River,28.0552946,-80.5761641,FL
Banks Lake,31.0143693,-83.1373712,GA
Halali‘i Lake,21.8563889,-160.1797222,HI
Ke‘ehi Lagoon,21.3188889,-157.9047222,HI
Kuapā Pond,21.2897222,-157.7047222,HI
Mōli‘i Pond,21.5130556,-157.8488889,HI
Salt Lake,21.3547222,-157.9088889,HI
Clear Lake,43.1255151,-93.4246508,IA
Five Island Lake,43.1499638,-94.6669243,IA
Spirit Lake,43.4771835,-95.0980504,IA
Storm Lake,42.6272026,-95.2033288,IA
West Okoboji Lake,43.3844078,-95.1594407,IA
Payette Lake,44.9540622,-116.0851245,ID
Spirit Lake,47.9410142,-116.8949201,ID
Mud Lake,42.1327087,-111.2971473,ID
Coeur d'Alene Lake,47.7087911,-116.9538074,ID
Lake Hayden,47.7646282,-116.7121349,ID
Lake Pend Oreille,48.1607557,-116.3412947,ID
Grays Lake,43.0671406,-111.4368908,ID
Lake Calumet,41.6833681,-87.5833792,IL
Channel Lake,42.4839082,-88.1392525,IL
Druce Lake,42.3680773,-88.0048006,IL
Fox Lake,42.4091873,-88.1536957,IL
Grass Lake,42.4430755,-88.1611968,IL
Horseshoe Lake,38.6994938,-90.0851066,IL
Loon Lake,42.4527978,-88.0834163,IL
Senachwine Lake,41.1686473,-89.3386997,IL
High Lake,41.8803064,-88.1792376,IL
Lake James,41.6933836,-85.0246874,IN
Tippecanoe Lake,41.3278239,-85.759711,IN
Lake Wawasee,41.4006032,-85.7022099,IN
Indian Lakes,41.5417166,-85.4166466,IN
Silver Lake,39.1013882,-95.8627646,KS
Guist Creek Lake,38.2067371,-85.1430101,KY
Lake Providence,32.8298513,-91.2159435,LA
Catahoula Lake,31.5123986,-92.1073531,LA
Cocodrie Lake,30.9704692,-92.4368013,LA
Eagle Lake,32.4929179,-90.993995,LA
Grand Lake,29.8938253,-92.7437547,LA
Sabine Lake,29.8224384,-93.9035011,LA
Lake Saint John,31.7173866,-91.4556733,LA
Lake Verret,29.8835368,-91.1667692,LA
White Lake,29.7413274,-92.5037479,LA
Little Lake,29.507162,-90.1431313,LA
Lake Saint Catherine,30.1285307,-89.7386711,LA
Calcasieu Lake,29.9002169,-93.2826535,LA
Lac des Allemands,29.9238165,-90.5775868,LA
Lake Maurepas,30.2540857,-90.4986984,LA
Lake Pontchartrain,30.1888098,-90.1014639,LA
Lake Salvador,29.7168781,-90.2500776,LA
Big Lake,45.1622945,-67.6963885,ME
Caucomgomoc Lake,46.208369,-69.5995041,ME
Chamberlain Lake,46.2230949,-69.295886,ME
Chemquasabamticook Lake,46.4972539,-69.6200603,ME
Chesuncook Lake,45.938098,-69.3225527,ME
Chiputneticook Lakes,45.6658971,-67.702785,ME
Cross Lake,47.1133739,-68.3247613,ME
Eagle Lake,46.3350368,-69.3644988,ME
Eagle Lake,47.049484,-68.5861558,ME
Fish River Lake,46.8247626,-68.7794903,ME
Grand Lake Seboeis,46.2917118,-68.6453202,ME
Great Pond,44.5378429,-69.8444954,ME
Kennebago Lake,45.0933865,-70.7259014,ME
Long Lake,44.036182,-70.656172,ME
Long Lake,47.2286516,-68.2772616,ME
Moosehead Lake,45.6439326,-69.6661681,ME
Munsungan Lake,46.3769846,-68.9983828,ME
Pemadumcook Lake,45.7047693,-68.9422661,ME
Rangeley Lake,44.9472774,-70.7014574,ME
Sebec Lake,45.279496,-69.2736576,ME
Seboeis Lake,45.4583838,-68.8858719,ME
Spednic Lake,45.6092324,-67.6183372,ME
Square Lake,47.0592073,-68.3561505,ME
Grand Lake,45.6981175,-67.8088997,ME
Black Lake,45.4666782,-84.2666864,MI
Coldwater Lake,41.8231051,-84.9755196,MI
Crystal Lake,44.6591655,-86.1564824,MI
Fife Lake,44.5677832,-85.3447797,MI
Fletcher Pond,44.9827876,-83.8427695,MI
Glen Lake,44.8719406,-85.9795359,MI
Grand Lake,45.3000147,-83.4999815,MI
Gull Lake,42.3997609,-85.4113935,MI
Gun Lake,42.6008675,-85.5219595,MI
Higgins Lake,44.4750164,-84.7166945,MI
Hubbard Lake,44.8041784,-83.5594217,MI
Lake Leelanau,44.8999996,-85.7167496,MI
Long Lake,45.2000138,-83.4833124,MI
Lake Macatawa,42.7791895,-86.1644865,MI
Manistique Lake,46.2333183,-85.7834544,MI
Lake Michigamme,46.4843815,-88.0720796,MI
Mullett Lake,45.5361221,-84.5167026,MI
Munuscong Lake,46.2000183,-84.1666928,MI
Lake Nicolet,46.416687,-84.2416996,MI
Lake Orion,42.7822531,-83.2502171,MI
Portage Lake,47.0663167,-88.4970675,MI
Lake Saint Helen,44.3641856,-84.4633494,MI
Sand Lake,43.291694,-85.5192025,MI
South Manistique Lake,46.1749856,-85.7626162,MI
Torch Lake,47.1582595,-88.4251187,MI
Torch Lake,44.9833365,-85.308401,MI
Walled Lake,42.5205892,-83.4827143,MI
Elk Lake,44.8666694,-85.383402,MI
Burt Lake,45.466678,-84.666707,MI
Lake Charlevoix,45.2666749,-85.1333935,MI
Lake Superior,47.4993504,-88.0006601,MI
Walloon Lake,45.2858421,-85.0183874,MI
Hamlin Lake,44.0677817,-86.4592518,MI
Indian Lake,45.9916375,-86.333479,MI
Portage Lake,44.3600017,-86.240366,MI
Lake Michigan,43.6847279,-86.5303578,MI
Lake George,46.4500198,-84.1333601,MI
Lake Huron,44.0833438,-82.7916067,MI
Lake Saint Clair,42.4167031,-82.6665704,MI
Bald Eagle Lake,45.1144109,-93.0157737,MN
Big Marine Lake,45.218578,-92.8532682,MN
Big Pine Lake,46.6166267,-95.500317,MN
Bingham Lake,43.9207905,-95.0472124,MN
Green Lake,45.2541309,-94.8944522,MN
Heron Lake,43.7974588,-95.2863861,MN
Lake Lida,46.5824591,-95.9703309,MN
Lake Lizzie,46.6132922,-95.9883869,MN
Lower Red Lake,47.9596794,-95.2744491,MN
Maple Lake,45.2321873,-93.966088,MN
Medicine Lake,45.0071863,-93.4202303,MN
Mille Lacs Lake,46.23329,-93.6502459,MN
Lake Minnetonka,44.9149628,-93.6413485,MN
Lake Minnewaska,45.6057944,-95.4605933,MN
Lake Osakis,45.8930193,-95.120307,MN
Pelican Lake,46.5732979,-94.1808241,MN
Pokegama Lake,45.8416233,-93.0385446,MN
Rush Lake,46.4882935,-95.5325413,MN
Lake Saint Croix,44.9366342,-92.7557586,MN
Lake Shetek,44.1155169,-95.6930672,MN
Swan Lake,44.3066327,-94.2477444,MN
Thief Lake,48.4833042,-95.883615,MN
Upper Red Lake,48.1249637,-94.75025,MN
Lake of the Woods,49.2499954,-94.7502246,MN
Ball Club Lake,47.3602303,-93.9471664,MN
Basswood Lake,48.0748932,-91.5751196,MN
Lake Bemidji,47.4718967,-94.8763876,MN
Bowstring Lake,47.5407827,-93.9029911,MN
Ham Lake,45.2585765,-93.2221719,MN
Leech Lake,47.0944018,-94.5438804,MN
Otter Tail Lake,46.3999602,-95.6586562,MN
Saganaga Lake,48.2498877,-90.9167745,MN
Birch Lake,47.7332472,-91.8668212,MN
Crooked Lake,48.2373976,-91.9065193,MN
Kabetogama Lake,48.5318643,-93.0876463,MN
Namakan Lake,48.4415727,-92.6001541,MN
Nett Lake,48.1199248,-93.12211,MN
Pelican Lake,48.058251,-92.900169,MN
Rainy Lake,48.6249167,-93.0001405,MN
Seven Beaver Lake,47.500753,-91.8054442,MN
Trout Lake,47.9762981,-92.3057008,MN
Vermilion Lake,47.8915813,-92.3668243,MN
Lac la Croix,48.3436111,-92.1227778,MN
Lake of the Woods,49.083328,-95.0013424,MN
Spanish Lake,38.7972716,-90.2034436,MO
Lake Cormorant,34.8878749,-90.2137062,MS
Horn Lake,34.9778724,-90.1653719,MS
Alkali Lake,48.4088666,-112.4611619,MT
Benton Lake,47.6655159,-111.3274686,MT
Lake Bowdoin,48.4127748,-107.6834398,MT
Bowman Lake,48.8666403,-114.1645777,MT
Chain of Lakes,48.6513867,-110.0574312,MT
Duck Lake,48.8713713,-113.3323197,MT
Ennis Lake,45.4310389,-111.6799731,MT
Four Horns Lake,48.3499724,-112.7122825,MT
Freezeout Lake,47.6666181,-112.0508404,MT
Lower Saint Mary Lake,48.7902573,-113.4212109,MT
Saint Mary Lake,48.6949755,-113.4998246,MT
Upper Waterton Lake,49.0499819,-113.900953,MT
Wild Horse Lake,48.9605654,-110.0515933,MT
Ashley Lake,48.2044038,-114.6165276,MT
Big Lake,47.6321944,-110.4032619,MT
Buffalo Lake,48.8583189,-112.7359106,MT
Cliff Lake,44.7732557,-111.5527407,MT
Echo Lake,48.1257897,-114.0420576,MT
Kingsbury Lake,47.57025,-110.3585393,MT
Kintla Lake,48.9646964,-114.3026404,MT
Little Bitterroot Lake,48.1135653,-114.7159678,MT
Lower Red Rock Lake,44.6365827,-111.8449722,MT
Lake Mary Ronan,47.9266127,-114.3992936,MT
Lake McDonald,48.5691354,-113.9362298,MT
McGregor Lake,48.0382828,-114.8426363,MT
Placid Lake,47.1191008,-113.5242488,MT
Seeley Lake,47.1943797,-113.5125799,MT
Thompson Lakes,48.036892,-115.0832073,MT
Upper Red Rock Lake,44.6149175,-111.7316318,MT
White Lake,47.6880281,-110.4274286,MT
Whitefish Lake,48.4535762,-114.3795794,MT
East Lake,35.9418294,-75.87852,NC
Lake Mattamuskeet,35.499336,-76.1765807,NC
New Lake,35.6434997,-76.3429802,NC
Phelps Lake,35.7723871,-76.4543771,NC
Pungo Lake,35.7162758,-76.5504901,NC
Lake Waccamaw,34.2876685,-78.5086205,NC
White Lake,34.6410046,-78.4983402,NC
Dry Lake,48.26528,-98.9773524,ND
Horsehead Lake,47.0383207,-99.7892728,ND
Hurricane Lake,48.4416653,-99.5134715,ND
Lake Alice,48.3358344,-99.1179119,ND
McKenna Lake,46.4877585,-99.8073307,ND
Rock Lake,48.8266734,-99.2051361,ND
Sweetwater Lake,48.2166697,-98.8226214,ND
Devils Lake,48.0280551,-98.9315099,ND
Massabesic Lake,42.9973067,-71.3731207,NH
Newfound Lake,43.6628507,-71.774802,NH
Umbagog Lake,44.7569964,-71.0486877,NH
Lake Winnipesaukee,43.5989661,-71.3225703,NH
Sunapee Lake,43.3759082,-72.0559183,NH
Squam Lake,43.7453511,-71.5256305,NH
Lake Grinnell,41.0989856,-74.6373839,NJ
Mountain Springs Lake,41.037875,-74.3823747,NJ
Lake Lucero,32.7009183,-106.4394426,NM
Playas Lake,31.8417615,-108.5772704,NM
Salt Lake,32.3120663,-103.9932702,NM
Alkali Lakes,32.0323343,-105.047454,NM
Laguna del Perro,34.6945071,-105.9661258,NM
Artesia Lake,38.9415806,-119.3618261,NV
Carson Lake,39.3210307,-118.7037576,NV
Frenchman Lake,36.8046769,-115.9386408,NV
Groom Lake,37.2680112,-115.800308,NV
High Rock Lake,41.2890635,-119.2829668,NV
Mud Lake,37.8693789,-117.0714634,NV
Summit Lake,41.5087874,-119.063521,NV
Toulon Lake,40.0146323,-118.6634847,NV
Walker Lake,38.6921419,-118.7359729,NV
Yucca Lake,36.9488419,-116.0258672,NV
Alkali Lake,41.7051715,-119.8452161,NV
Continental Lake,41.897673,-118.7262866,NV
Massacre Lake,41.6607278,-119.6004859,NV
Winnemucca Lake,40.1218504,-119.3396233,NV
Goshute Lake,40.144654,-114.699469,NV
Humboldt Lake,40.0029659,-118.6215388,NV
Pyramid Lake,40.0624063,-119.5635199,NV
Franklin Lake,40.3590956,-115.3992146,NV
Ruby Lake,40.1827077,-115.4706019,NV
Snow Water Lake,40.7885368,-114.9653196,NV
Topaz Lake,38.6826858,-119.5337793,NV
Washoe Lake,39.2682433,-119.80074,NV
Lake Bonaparte,44.1500642,-75.3927015,NY
Brant Lake,43.7136764,-73.7048479,NY
Canandaigua Lake,42.7745102,-77.3063713,NY
Chautauqua Lake,42.1836686,-79.4253254,NY
Fulton Chain Lakes,43.748122,-74.8682288,NY
Indian Lake,43.6183999,-74.7557195,NY
Keuka Lake,42.519515,-77.1091375,NY
Lower Saranac Lake,44.3081092,-74.1837688,NY
Oneida Lake,43.2070129,-75.932416,NY
Otsego Lake,42.7564628,-74.8957077,NY
Piseco Lake,43.4131247,-74.5476502,NY
Saratoga Lake,43.0203532,-73.7403971,NY
Schroon Lake,43.7803421,-73.7779075,NY
Upper Saranac Lake,44.2925575,-74.3254413,NY
Lake George,43.6222878,-73.5467839,NY
Lake Ontario,43.333396,-77.3330464,NY
Finger Lakes,42.8334002,-76.9999669,NY
Cayuga Lake,42.6841667,-76.6947222,NY
Seneca Lake,42.6459037,-76.8732919,NY
Tupper Lake,44.1670049,-74.5379487,NY
Black Lake,44.4761711,-75.6368985,NY
Piedmont Lake,40.1897902,-81.2131621,OH
Lake Erie,41.8764416,-80.8928694,OH
Lake Abert,42.6262664,-120.2332949,OR
Alkali Lake,42.9770963,-120.0280176,OR
Alvord Lake,42.3796147,-118.6054595,OR
Crump Lake,42.2946083,-119.8252247,OR
Foster Lake,43.0007119,-119.2627153,OR
Harney Lake,43.2368196,-119.1099346,OR
Malheur Lake,43.3115422,-118.7952048,OR
Warner Lakes,42.4498821,-119.8510623,OR
Fossil Lake,43.3248642,-120.4924816,OR
Davis Lake,43.6159553,-121.8464174,OR
Diamond Lake,43.1587375,-122.1508648,OR
East Lake,43.7290097,-121.2147425,OR
North Tenmile Lake,43.5906707,-124.1356673,OR
Odell Lake,43.5729015,-121.9983639,OR
Paulina Lake,43.7201208,-121.255855,OR
Silver Lake,43.0962543,-120.8883228,OR
Summer Lake,42.8248722,-120.7466462,OR
Tahkenitch Lake,43.8073405,-124.1523382,OR
Tenmile Lake,43.566226,-124.1428896,OR
Upper Klamath Lake,42.3981949,-121.8825114,OR
Waldo Lake,43.7259545,-122.039477,OR
Crescent Lake,43.4992917,-121.9844744,OR
Guano Lake,42.171834,-119.5229911,OR
Siltcoos Lake,43.8751195,-124.0970599,OR
Agency Lake,42.5323581,-121.9650168,OR
Aspen Lake,42.2840295,-122.0080691,OR
Round Lake,42.2045875,-121.9347315,OR
Crater Lake,42.9437401,-122.1066944,OR
Conneaut Lake,41.6217211,-80.3047858,PA
Clear Lake,44.7538532,-96.6581135,SD
Lake Kampeska,44.9271863,-97.2039648,SD
Lake Madison,43.9580289,-97.0192255,SD
Lake Poinsett,44.5655218,-97.0784003,SD
Red Lake,43.7272192,-99.2214852,SD
Swan Lake,45.2899851,-99.8540073,SD
Lake Thompson,44.2891365,-97.4681278,SD
Waubay Lake,45.4174578,-97.4017552,SD
Lake Whitewood,44.3460804,-97.2986809,SD
Lake Andes,43.1799925,-98.4442468,SD
Bitter Lake,45.2799602,-97.3073061,SD
Reelfoot Lake,36.3650656,-89.4036843,TN
Hubbard Creek Lake,32.8251183,-98.9600694,TX
Smithers Lake,29.4869057,-95.6477249,TX
Cedar Lake,32.8237067,-102.2729531,TX
Tasajal Lake,26.7811668,-98.1658393,TX
White Rock Lake,32.8154055,-96.724443,TX
Lelia Lake,34.8886629,-100.7593047,TX
Toyah Lake,31.3334703,-103.4171158,TX
Laguna Madre,26.7970028,-97.4594283,TX
Clear Lake,39.1044046,-112.6235578,UT
Little Salt Lake,37.9044185,-112.8960579,UT
Quichapa Lake,37.6344216,-113.2024516,UT
Salt Marsh Lake,39.4782771,-113.9080471,UT
Sevier Lake,38.9388459,-113.1619055,UT
Bear Lake,41.9363238,-111.337704,UT
Fish Lake,38.5485875,-111.7110204,UT
Great Salt Lake,40.7032759,-112.3877302,UT
Panguitch Lake,37.7152553,-112.6424375,UT
Scipio Lake,39.1057939,-112.0499331,UT
Utah Lake,40.2449526,-111.7974309,UT
Lake Drummond,36.6032069,-76.4682798,VA
Lake Bomoseen,43.6442324,-73.2131665,VT
Lake Memphremagog,44.9853239,-72.2151023,VT
Seymour Lake,44.8969923,-71.9817632,VT
Long Lake,47.4853742,-122.5890226,WA
Medical Lake,47.5712757,-117.686605,WA
Rock Lake,47.1843326,-117.6821493,WA
Silver Lake,46.2956676,-122.7837228,WA
Soap Lake,47.4048627,-119.4986471,WA
Sprague Lake,47.2590457,-118.0630118,WA
Star Lake,47.3545444,-122.2873441,WA
Lake Stevens,48.0064864,-122.0851319,WA
Vancouver Lake,45.6792828,-122.7187099,WA
Kitsap Lake,47.5725942,-122.7043104,WA
Lenore Lake,47.501808,-119.5133707,WA
Lake Crescent,48.0589758,-123.8149216,WA
Loon Lake,48.0443378,-117.6221767,WA
Omak Lake,48.2720966,-119.3939322,WA
Osoyoos Lake,48.9771079,-119.4381221,WA
Palmer Lake,48.900432,-119.6220186,WA
Lake Roesiger,47.9853777,-121.920404,WA
Spirit Lake,46.2731662,-122.1350955,WA
Trout Lake,46.0095645,-121.5492484,WA
Lake Wenatchee,47.8228987,-120.7762066,WA
Lake Sawyer,47.6748324,-121.2245441,WA
Lake Sammamish,47.5998222,-122.0984548,WA
Lake Cassidy,48.0531538,-122.0943009,WA
Ozette Lake,48.0959021,-124.6363373,WA
Lake Quinault,47.4739754,-123.8679558,WA
Lake Washington,47.6167653,-122.2648466,WA
Lake Whatcom,48.7581653,-122.4229446,WA
Beaver Lake,43.1283405,-88.3598181,WI
Lake Butte des Morts,44.0730386,-88.6420559,WI
Elkhart Lake,43.8255492,-88.0250953,WI
Green Lake,43.8244259,-88.9645576,WI
Lake Koshkonong,42.8741725,-88.9581654,WI
Lake Mendota,43.1066619,-89.4248416,WI
Mole Lake,45.478852,-88.9751139,WI
Lake Monona,43.0691631,-89.3595628,WI
Lake Noquebay,45.2513644,-87.9078853,WI
Pelican Lake,45.5041265,-89.2034532,WI
Pell Lake,42.5414067,-88.3584275,WI
Lake Pepin,44.5458008,-92.3318481,WI
Pine Lake,43.1188962,-88.3842632,WI
Lake Poygan,44.1455366,-88.8345566,WI
Puckaway Lake,43.7530359,-89.1656716,WI
Rib Lake,45.3144106,-90.1982004,WI
Round Lake,46.0138439,-91.3110072,WI
Rush Lake,43.9294267,-88.801778,WI
Shawano Lake,44.8099878,-88.5131585,WI
Lake Winnebago,44.0222086,-88.4231666,WI
Lake Winneconne,44.1438706,-88.7301107,WI
Lac Vieux Desert,46.1296742,-89.1173578,WI
White Lake,45.1641374,-88.7667734,WI
Lake De Smet,44.4713625,-106.7453297,WY
Jenny Lake,43.7635445,-110.7302122,WY
Lewis Lake,44.3043827,-110.6293743,WY
Ocean Lake,43.1846807,-108.6048358,WY
Heart Lake,44.2677197,-110.4888148,WY
New Fork Lakes,43.0871653,-109.9676604,WY
Willow Lake,43.0105001,-109.8509884,WY
Shoshone Lake,44.3721584,-110.7124318,WY
Yellowstone Lake,44.396332,-110.366588,WY
